交易方向,产品代码,数量,持仓,平仓,净盈亏,隔夜利息,佣金,开仓日期,平仓日期,仓位ID
卖出,USDJPY,0.25,156.665,156.972,-48.90,0.0000,0.0000,2025.11.21 16:03,2025.11.21 22:36,115085621
买入,XAUUSD,0.02,4057.26,4032.84,48.84,0.0000,0.0000,2025.11.21 10:58,2025.11.21 16:04,115082278
卖出,XAUUSD,0.01,4073.07,4074.15,1.08,0.0000,0.0000,2025.11.21 10:04,2025.11.21 10:08,115081862
卖出,XAUUSD,0.02,4062.46,4071.13,-17.34,0.0000,0.0000,2025.11.21 09:25,2025.11.21 09:53,115081526
卖出,USDJPY,0.25,157.368,157.364,0.64,0.0000,0.0000,2025.11.21 07:15,2025.11.21 09:22,115080353
卖出,XAUUSD,0.02,4077.60,4072.28,10.64,0.0000,0.0000,2025.11.20 23:57,2025.11.21 02:06,115089365
买入,XAUUSD,0.02,4085.72,4085.67,-0.10,0.0000,0.0000,2025.11.20 22:19,2025.11.20 23:07,115086128
买入,XAUUSD,0.02,4087.09,4087.82,1.46,0.0000,0.0000,2025.11.20 22:18,2025.11.20 22:18,115086104
买入,USDJPY,0.10,157.487,157.483,-0.25,0.0000,0.0000,2025.11.20 19:44,2025.11.20 21:30,115064042
买入,USDJPY,0.15,157.487,157.625,13.13,0.0000,0.0000,2025.11.20 19:44,2025.11.20 21:07,115082830
卖出,USDJPY,0.25,157.265,157.395,-20.65,0.0000,0.0000,2025.11.20 16:31,2025.11.20 18:56,115060160
卖出,XAUUSD,0.02,4070.20,4066.86,6.68,0.0000,0.0000,2025.11.20 11:38,2025.11.20 16:57,115057030
卖出,USDJPY,0.50,157.378,157.380,-0.64,0.0000,0.0000,2025.11.20 16:05,2025.11.20 16:23,115059684
买入,USDJPY,0.10,157.465,157.394,-4.51,0.0000,0.0000,2025.11.20 10:07,2025.11.20 16:04,115056216
卖出,XAUUSD,0.02,4091.83,4075.17,33.32,0.0000,0.0000,2025.11.20 09:32,2025.11.20 10:01,115055895
买入,XAUUSD,0.01,4070.13,4091.50,19.40,-1.9700,0.0000,2025.11.19 12:15,2025.11.20 09:31,115040603
买入,XAUUSD,0.01,4070.13,4109.36,39.23,0.0000,0.0000,2025.11.19 12:15,2025.11.19 19:14,115034416
买入,XAUUSD,0.05,4077.50,4064.98,-62.60,0.0000,0.0000,2025.11.19 10:44,2025.11.19 12:01,115033738
卖出,XAUUSD,0.02,4061.05,4073.35,-24.60,0.0000,0.0000,2025.11.19 09:51,2025.11.19 10:36,115033172
买入,XAUUSD,0.02,4067.54,4068.12,-0.16,-1.3200,0.0000,2025.11.19 01:01,2025.11.19 08:52,115025694
买入,XAUUSD,0.02,4068.47,4056.77,-23.40,0.0000,0.0000,2025.11.18 21:49,2025.11.18 23:05,115019526
卖出,XAUUSD,0.05,4037.40,4037.20,1.00,0.0000,0.0000,2025.11.18 20:24,2025.11.18 21:01,115017847
买入,XAUUSD,0.02,4041.73,4038.81,-5.84,0.0000,0.0000,2025.11.18 16:55,2025.11.18 20:23,115014909
卖出,XAUUSD,0.02,4003.66,4010.31,-13.30,0.0000,0.0000,2025.11.18 15:24,2025.11.18 15:40,115013231
卖出,XAUUSD,0.02,4035.44,4018.59,33.70,0.0000,0.0000,2025.11.18 09:09,2025.11.18 13:21,115009245
卖出,XAUUSD,0.02,4061.14,4050.48,21.78,0.4600,0.0000,2025.11.17 23:19,2025.11.18 07:27,115000243
买入,XAUUSD,0.02,4083.22,4076.31,-13.82,0.0000,0.0000,2025.11.17 20:45,2025.11.17 21:34,114996399
买入,XAUUSD,0.03,4083.22,4076.94,-18.84,0.0000,0.0000,2025.11.17 20:45,2025.11.17 20:51,114996296
买入,XAUUSD,0.05,4085.46,4081.13,-21.65,0.0000,0.0000,2025.11.17 17:33,2025.11.17 18:30,114998331
买入,XAUUSD,0.05,4092.73,4082.64,-50.45,0.0000,0.0000,2025.11.17 16:12,2025.11.17 16:23,114992707
卖出,XAUUSD,0.02,4076.11,4083.97,-15.72,0.0000,0.0000,2025.11.17 11:10,2025.11.17 15:45,114990218
买入,USDJPY,0.10,154.767,154.588,-11.58,0.0000,0.0000,2025.11.17 11:09,2025.11.17 13:21,114989976
卖出,XAUUSD,0.03,4076.11,4082.85,-20.22,0.0000,0.0000,2025.11.17 11:10,2025.11.17 11:46,114989993
卖出,USDJPY,0.10,153.762,154.653,-58.81,-1.2000,0.0000,2025.11.14 21:19,2025.11.17 10:39,114968835
卖出,USDJPY,0.15,153.762,154.449,-66.72,0.0000,0.0000,2025.11.14 21:19,2025.11.14 23:49,114964238
卖出,XAUUSD,0.01,4189.96,4091.66,98.30,0.0000,0.0000,2025.11.14 14:10,2025.11.14 23:48,114960362
卖出,US30,0.1,47292.85,47205.75,8.71,0.0000,0.0000,2025.11.14 19:18,2025.11.14 22:04,114960037
卖出,US30,0.2,47261.85,47205.15,11.34,0.0000,0.0000,2025.11.14 19:21,2025.11.14 22:04,114960214
卖出,XAUUSD,0.01,4189.96,4149.14,40.82,0.0000,0.0000,2025.11.14 14:10,2025.11.14 19:28,114956988
卖出,US30,0.2,47261.85,47278.15,-3.26,0.0000,0.0000,2025.11.14 19:21,2025.11.14 19:22,114960154
卖出,US30,0.5,47426.25,47443.75,-8.75,0.0000,0.0000,2025.11.14 17:46,2025.11.14 18:11,114958665
卖出,XAUUSD,0.03,4189.96,4165.01,74.85,0.0000,0.0000,2025.11.14 14:10,2025.11.14 15:32,114955758
卖出,XAUUSD,0.02,4156.43,4164.35,-15.84,0.0000,0.0000,2025.11.14 02:35,2025.11.14 03:35,114946902
卖出,XAUUSD,0.02,4167.48,4167.53,-0.10,0.0000,0.0000,2025.11.14 02:32,2025.11.14 02:34,114946741
卖出,XAUUSD,0.02,4216.76,4204.24,25.04,0.0000,0.0000,2025.11.13 22:20,2025.11.14 01:54,114938845
买入,XAUUSD,0.01,4203.06,4214.60,11.54,0.0000,0.0000,2025.11.13 11:35,2025.11.13 22:09,114933477
卖出,USDJPY,0.10,154.555,154.518,2.39,0.0000,0.0000,2025.11.13 16:53,2025.11.13 17:57,114932827
买入,XAUUSD,0.01,4203.06,4226.26,23.20,0.0000,0.0000,2025.11.13 11:35,2025.11.13 17:30,114929173
卖出,XAUUSD,0.01,4184.40,4203.36,-18.96,0.0000,0.0000,2025.11.13 09:48,2025.11.13 11:35,114928395
卖出,XAUUSD,0.01,4184.40,4194.07,-9.67,0.0000,0.0000,2025.11.13 09:48,2025.11.13 10:17,114927797
卖出,USDJPY,0.10,154.714,154.693,1.36,0.0000,0.0000,2025.11.13 00:02,2025.11.13 03:07,114915712
买入,XAUUSD,0.02,4129.56,4123.69,-11.74,0.0000,0.0000,2025.11.12 20:06,2025.11.12 21:10,114909362
卖出,XAUUSD,0.02,4123.66,4122.37,2.58,0.0000,0.0000,2025.11.12 10:49,2025.11.12 15:09,114903443
卖出,XAUUSD,0.03,4123.66,4111.03,37.89,0.0000,0.0000,2025.11.12 10:49,2025.11.12 13:00,114902309
卖出,XAUUSD,0.05,4127.96,4109.44,92.60,0.0000,0.0000,2025.11.11 22:32,2025.11.11 23:46,114886642
买入,XAUUSD,0.05,4139.67,4139.50,-0.85,0.0000,0.0000,2025.11.11 21:15,2025.11.11 22:04,114884944
卖出,XAUUSD,0.05,4135.00,4143.33,-41.65,0.0000,0.0000,2025.11.11 21:00,2025.11.11 21:25,114884712
买入,XAUUSD,0.01,4144.74,4134.85,-9.89,0.0000,0.0000,2025.11.11 11:22,2025.11.11 20:54,114878065
卖出,USDJPY,0.10,154.185,154.397,-13.73,0.0000,0.0000,2025.11.11 13:25,2025.11.11 17:00,114878815
卖出,XAUUSD,0.02,4136.16,4141.88,-11.44,0.0000,0.0000,2025.11.11 09:45,2025.11.11 11:10,114877101
买入,XAUUSD,0.02,4140.26,4136.18,-8.16,0.0000,0.0000,2025.11.11 09:42,2025.11.11 09:45,114877061
卖出,USDJPY,0.25,153.946,154.053,-17.37,0.0000,0.0000,2025.11.11 00:16,2025.11.11 03:53,114873071
卖出,USDJPY,0.25,153.946,154.007,-9.90,0.0000,0.0000,2025.11.11 00:16,2025.11.11 02:31,114870104
卖出,USDJPY,0.50,154.014,154.139,-40.55,0.0000,0.0000,2025.11.10 22:38,2025.11.10 22:46,114866537
卖出,USDJPY,0.50,154.021,154.126,-34.07,0.0000,0.0000,2025.11.10 21:45,2025.11.10 22:31,114864918
卖出,USDJPY,0.50,153.787,153.894,-34.76,0.0000,0.0000,2025.11.10 12:37,2025.11.10 13:03,114858411
买入,XAUUSD,0.02,4029.40,4054.00,49.20,0.0000,0.0000,2025.11.10 09:16,2025.11.10 12:28,114856316
卖出,BTCUSD,0.05,102899.71,103141.37,-12.08,0.0000,0.0000,2025.11.08 09:56,2025.11.08 10:19,114847764
卖出,XAUUSD,0.02,3992.28,4001.80,-19.04,0.0000,0.0000,2025.11.07 22:36,2025.11.08 00:22,114835253
卖出,XAUUSD,0.02,3994.72,4003.65,-17.86,0.0000,0.0000,2025.11.07 21:33,2025.11.07 22:12,114834117
卖出,XAUUSD,0.02,3993.53,4001.93,-16.80,0.0000,0.0000,2025.11.07 20:51,2025.11.07 21:22,114833247
卖出,EURUSD,0.50,1.15308,1.15398,-45.00,0.0000,0.0000,2025.11.07 16:52,2025.11.07 17:47,114829402
卖出,USDJPY,0.50,153.379,153.431,-16.95,0.0000,0.0000,2025.11.07 16:35,2025.11.07 16:45,114829195
卖出,EURUSD,0.50,1.15385,1.15401,-8.00,0.0000,0.0000,2025.11.07 08:47,2025.11.07 16:10,114825426
买入,XAUUSD,0.02,3995.54,3987.02,-17.04,0.0000,0.0000,2025.11.07 09:06,2025.11.07 12:02,114825719
卖出,USDJPY,0.50,152.992,153.083,-29.72,0.0000,0.0000,2025.11.07 10:31,2025.11.07 10:38,114826423
卖出,XAUUSD,0.02,3994.73,3994.14,1.64,0.4600,0.0000,2025.11.06 22:30,2025.11.07 08:31,114812485
卖出,USDJPY,0.25,153.847,153.127,117.56,0.0000,0.0000,2025.11.06 15:37,2025.11.07 03:37,114809741
卖出,USDJPY,0.25,153.847,153.673,28.31,0.0000,0.0000,2025.11.06 15:37,2025.11.06 20:21,114805887
卖出,USDJPY,0.50,154.091,153.978,18.61,-18.0900,0.0000,2025.11.06 01:00,2025.11.06 12:32,114798395
卖出,BTCUSD,0.05,102862.35,103292.65,-21.52,0.0000,0.0000,2025.11.06 09:25,2025.11.06 09:37,114802878
卖出,XAUUSD,0.02,3971.34,3977.44,-12.20,0.0000,0.0000,2025.11.06 08:04,2025.11.06 09:01,114802244
买入,XAUUSD,0.05,3983.21,3979.49,-18.60,0.0000,0.0000,2025.11.06 00:30,2025.11.06 00:35,114797833
卖出,XAUUSD,0.02,3970.63,3981.48,-21.70,0.0000,0.0000,2025.11.05 23:20,2025.11.05 23:31,114796320
卖出,XAUUSD,0.03,3970.63,3975.61,-14.94,0.0000,0.0000,2025.11.05 23:20,2025.11.05 23:25,114796092
卖出,XAUUSD,0.05,3969.28,3973.06,-18.90,0.0000,0.0000,2025.11.05 23:17,2025.11.05 23:18,114795998
卖出,USDJPY,0.25,154.187,154.231,-10.14,-3.0000,0.0000,2025.11.04 10:55,2025.11.05 23:00,114763446
卖出,XAUUSD,0.02,3961.35,3970.92,-19.14,0.0000,0.0000,2025.11.05 19:20,2025.11.05 21:00,114790944
卖出,XAUUSD,0.02,3961.35,3965.77,-8.84,0.0000,0.0000,2025.11.05 19:20,2025.11.05 19:47,114790570
买入,XAUUSD,0.02,3947.93,3961.55,27.24,0.0000,0.0000,2025.11.05 10:53,2025.11.05 19:20,114785837
买入,XAUUSD,0.03,3947.93,3968.11,60.54,0.0000,0.0000,2025.11.05 10:53,2025.11.05 12:57,114784949
卖出,XAUUSD,0.04,3984.04,3958.03,104.04,0.0000,0.0000,2025.11.04 21:30,2025.11.04 22:29,114770073
卖出,XAUUSD,0.04,3986.88,3993.08,-24.80,0.0000,0.0000,2025.11.04 20:33,2025.11.04 21:10,114786916
买入,XAUUSD,0.04,3993.73,3989.93,-15.20,0.0000,0.0000,2025.11.04 19:31,2025.11.04 20:29,114767978
卖出,USDJPY,0.25,154.187,153.589,97.35,0.0000,0.0000,2025.11.04 10:55,2025.11.04 14:38,114761232
卖出,XAUUSD,0.01,4010.84,3988.49,22.58,0.2300,0.0000,2025.11.03 23:30,2025.11.04 11:00,114751321
卖出,XAUUSD,0.01,4010.84,4012.10,-1.26,0.0000,0.0000,2025.11.03 23:30,2025.11.03 23:32,114751285
买入,XAUUSD,0.02,4020.96,4018.30,-5.32,0.0000,0.0000,2025.11.03 22:50,2025.11.03 23:24,114749827
卖出,XAUUSD,0.02,4004.99,4012.71,-15.44,0.0000,0.0000,2025.11.03 22:32,2025.11.03 22:36,114748957
买入,XAUUSD,0.02,4012.24,4008.61,-7.26,0.0000,0.0000,2025.11.03 20:50,2025.11.03 22:30,114746801
卖出,XAUUSD,0.02,3996.24,4000.10,-7.72,0.0000,0.0000,2025.11.03 16:30,2025.11.03 19:05,11474825
卖出,XAUUSD,0.02,4012.61,4023.31,-21.40,0.0000,0.0000,2025.11.03 16:33,2025.11.03 17:08,114742647
卖出,XAUUSD,0.05,4011.63,4014.97,-16.70,0.0000,0.0000,2025.11.03 16:26,2025.11.03 16:28,114742527
买入,XAUUSD,0.01,4021.85,4012.88,-8.97,0.0000,0.0000,2025.11.03 15:04,2025.11.03 16:26,114742492
买入,XAUUSD,0.01,4021.85,4014.53,-7.32,0.0000,0.0000,2025.11.03 15:04,2025.11.03 16:26,114741357
买入,XAUUSD,0.01,4009.66,3999.38,-10.94,-0.6600,0.0000,2025.11.01 02:27,2025.11.03 13:04,114739840
买入,XAUUSD,0.01,4009.66,4003.73,-6.59,-0.6600,0.0000,2025.11.01 02:27,2025.11.03 12:24,114726179
卖出,XAUUSD,0.02,3976.01,4005.80,-59.12,0.4600,0.0000,2025.11.01 00:15,2025.11.03 10:21,114723332
买入,BTCUSD,0.05,109953.21,109761.63,-9.58,0.0000,0.0000,2025.11.01 09:33,2025.11.01 09:37,114728912
买入,XAUUSD,0.04,4020.31,4020.41,0.40,0.0000,0.0000,2025.10.31 20:23,2025.10.31 21:32,11477468
卖出,XAUUSD,0.02,4007.39,4010.53,-6.28,0.0000,0.0000,2025.10.31 17:13,2025.10.31 18:01,114715330
卖出,XAUUSD,0.02,4007.39,4008.80,-2.82,0.0000,0.0000,2025.10.31 17:13,2025.10.31 17:57,114714698
买入,XAUUSD,0.01,4024.67,4008.13,-16.54,0.0000,0.0000,2025.10.31 15:32,2025.10.31 16:55,114714275
买入,XAUUSD,0.01,4024.67,4017.47,-7.20,0.0000,0.0000,2025.10.31 15:32,2025.10.31 16:51,114713219
买入,USDJPY,0.10,154.236,154.230,-0.39,0.0000,0.0000,2025.10.31 14:58,2025.10.31 16:08,114713083
买入,USDJPY,0.40,154.236,154.248,3.11,0.0000,0.0000,2025.10.31 14:58,2025.10.31 15:21,114712817
卖出,XAUUSD,0.02,4014.19,4013.19,2.00,0.0000,0.0000,2025.10.31 10:06,2025.10.31 14:06,114710437
卖出,XAUUSD,0.02,4014.19,4013.01,2.36,0.0000,0.0000,2025.10.31 10:06,2025.10.31 10:50,114709900
买入,EURUSD,0.20,1.15771,1.15660,-22.20,0.0000,0.0000,2025.10.31 09:19,2025.10.31 09:58,114709472
卖出,USDJPY,0.15,153.661,153.773,-10.93,0.0000,0.0000,2025.10.31 09:26,2025.10.31 09:31,114709536
买入,XAUUSD,0.02,4000.28,3995.92,-8.72,0.0000,0.0000,2025.10.30 23:11,2025.10.30 23:25,114699202
买入,XAUUSD,0.02,4000.28,4000.49,0.42,0.0000,0.0000,2025.10.30 23:11,2025.10.30 23:13,114699102
卖出,XAUUSD,0.04,3964.25,3976.52,-49.08,0.0000,0.0000,2025.10.30 21:00,2025.10.30 21:06,114694898
卖出,XAUUSD,0.03,3970.26,3978.64,-25.14,0.0000,0.0000,2025.10.30 20:30,2025.10.30 20:37,114693982
买入,XAUUSD,0.01,3984.62,3977.44,-7.18,0.0000,0.0000,2025.10.30 20:15,2025.10.30 20:26,114693809
买入,XAUUSD,0.02,3984.62,3980.01,-9.22,0.0000,0.0000,2025.10.30 20:15,2025.10.30 20:25,114693518
卖出,XAUUSD,0.02,3972.80,3979.99,-14.38,0.0000,0.0000,2025.10.30 19:51,2025.10.30 20:02,114693075
卖出,XAUUSD,0.02,4008.09,3973.49,70.58,1.3800,0.0000,2025.10.29 23:00,2025.10.30 16:29,114671875
买入,XAUUSD,0.02,3963.65,3965.47,3.64,0.0000,0.0000,2025.10.30 12:31,2025.10.30 15:32,114695268
卖出,XAUUSD,0.02,4006.36,4019.43,-26.14,0.0000,0.0000,2025.10.29 21:49,2025.10.29 22:04,114669479
买入,XAUUSD,0.01,3998.45,4022.82,24.37,0.0000,0.0000,2025.10.29 15:56,2025.10.29 17:59,114662224
买入,BTCUSD,0.05,113374.18,113014.83,-17.97,0.0000,0.0000,2025.10.29 15:38,2025.10.29 16:39,114661950
买入,XAUUSD,0.01,3978.44,3971.07,-7.37,0.0000,0.0000,2025.10.29 09:23,2025.10.29 09:30,114658156
买入,XAUUSD,0.01,3978.44,3976.76,-1.68,0.0000,0.0000,2025.10.29 09:23,2025.10.29 09:26,114658144
卖出,BTCUSD,0.02,114294.37,114638.43,-6.88,0.0000,0.0000,2025.10.28 19:55,2025.10.28 21:05,114640360
卖出,XAUUSD,0.01,3985.81,3924.84,60.97,0.0000,0.0000,2025.10.28 11:12,2025.10.28 19:33,114632410
卖出,XAUUSD,0.01,3985.81,3993.01,-7.20,0.0000,0.0000,2025.10.28 11:12,2025.10.28 11:56,114632112
买入,XAUUSD,0.01,4012.63,4000.16,-12.47,0.0000,0.0000,2025.10.28 09:46,2025.10.28 10:21,114631367
买入,XAUUSD,0.01,4010.50,4000.35,-10.15,0.0000,0.0000,2025.10.28 09:45,2025.10.28 10:21,114631360
卖出,XAUUSD,0.01,4071.65,3988.87,82.78,0.0000,0.0000,2025.10.27 15:17,2025.10.27 23:31,114611723
买入,XAUUSD,0.01,4086.18,4127.40,41.22,0.0000,0.0000,2025.10.24 21:04,2025.10.25 00:56,114590400
卖出,XAUUSD,0.01,4058.08,4060.79,-2.71,0.0000,0.0000,2025.10.24 17:54,2025.10.24 18:00,114586160
卖出,XAUUSD,0.01,4070.91,4069.08,1.83,0.0000,0.0000,2025.10.24 16:01,2025.10.24 16:51,114583945
买入,XAUUSD,0.01,4136.91,4125.77,-11.14,0.0000,0.0000,2025.10.24 09:24,2025.10.24 09:37,114579870
买入,XAUUSD,0.01,4119.78,4127.47,7.69,0.0000,0.0000,2025.10.23 20:45,2025.10.24 00:44,114567444
卖出,XAUUSD,0.01,4106.85,4121.94,-15.09,0.0000,0.0000,2025.10.23 20:15,2025.10.23 20:39,114569900
买入,XAUUSD,0.01,4122.79,4108.85,-13.94,0.0000,0.0000,2025.10.23 17:20,2025.10.23 18:29,114564677
卖出,XAUUSD,0.01,4075.38,4095.45,-20.07,0.0000,0.0000,2025.10.23 10:02,2025.10.23 11:18,114560449
卖出,XAUUSD,0.01,4076.14,4089.12,-12.98,0.0000,0.0000,2025.10.23 09:08,2025.10.23 09:23,114560162
卖出,BTCUSD,0.02,108015.83,108374.92,-7.18,0.0000,0.0000,2025.10.22 22:49,2025.10.22 22:55,114549094
卖出,XAUUSD,0.01,4030.11,4040.56,-10.45,0.0000,0.0000,2025.10.22 19:28,2025.10.22 20:03,114542000
买入,XAUUSD,0.01,4133.71,4121.03,-12.68,0.0000,0.0000,2025.10.22 11:40,2025.10.22 12:05,114533274
卖出,XAUUSD,0.01,4111.40,4131.68,-20.28,0.0000,0.0000,2025.10.22 10:17,2025.10.22 11:36,114532502
卖出,XAUUSD,0.02,4105.36,4116.71,-22.70,0.0000,0.0000,2025.10.22 09:21,2025.10.22 10:12,114531774
卖出,XAUUSD,0.04,4112.00,4110.37,6.52,0.0000,0.0000,2025.10.22 09:17,2025.10.22 09:18,114531726
卖出,XAUUSD,0.01,4225.97,4221.67,4.30,0.0000,0.0000,2025.10.21 20:23,2025.10.21 20:47,114513783
卖出,BTCUSD,0.05,107858.39,107719.52,6.94,0.0000,0.0000,2025.10.21 16:13,2025.10.21 17:09,114509584
卖出,XAUUSD,0.01,4273.65,4263.87,9.78,0.0000,0.0000,2025.10.21 16:05,2025.10.21 16:24,114509398
卖出,BTCUSD,0.02,109441.61,108124.25,26.35,0.0000,0.0000,2025.10.21 11:49,2025.10.21 15:58,114506105
卖出,XAUUSD,0.01,4340.98,4347.22,-6.24,0.0000,0.0000,2025.10.21 10:37,2025.10.21 11:28,114505623
卖出,XAUUSD,0.01,4300.58,4309.43,-8.85,0.0000,0.0000,2025.10.20 21:59,2025.10.20 22:09,114496077
买入,XAUUSD,0.01,4280.71,4301.34,20.63,0.0000,0.0000,2025.10.20 20:13,2025.10.20 21:59,114493137
卖出,XAUUSD,0.01,4260.10,4258.13,1.97,0.0000,0.0000,2025.10.20 10:52,2025.10.20 18:02,114486366
买入,XAUUSD,0.02,4253.49,4259.33,11.68,0.0000,0.0000,2025.10.20 09:24,2025.10.20 10:51,114486630
买入,BTCUSD,0.02,106999.51,106885.46,-2.28,0.0000,0.0000,2025.10.18 09:15,2025.10.18 16:18,114476011
卖出,XAUUSD,0.01,4267.60,4258.46,9.14,0.0000,0.0000,2025.10.17 21:36,2025.10.17 22:39,114463875
卖出,XAUUSD,0.01,4312.04,4316.69,-4.65,0.0000,0.0000,2025.10.17 21:25,2025.10.17 21:30,114463412
卖出,XAUUSD,0.02,4345.27,4341.19,8.16,0.0000,0.0000,2025.10.17 16:57,2025.10.17 17:59,114458556
卖出,XAUUSD,0.02,4344.48,4343.60,1.76,0.0000,0.0000,2025.10.17 15:47,2025.10.17 16:42,114457285
买入,XAUUSD,0.02,4370.82,4368.25,-5.14,0.0000,0.0000,2025.10.17 12:55,2025.10.17 13:03,114454882
买入,XAUUSD,0.02,4341.18,4357.25,32.14,0.0000,0.0000,2025.10.17 11:01,2025.10.17 12:21,114454171
买入,XAUUSD,0.05,4344.53,4344.46,-0.35,0.0000,0.0000,2025.10.17 10:53,2025.10.17 10:56,114454123
买入,XAUUSD,0.02,4342.29,4343.14,1.70,0.0000,0.0000,2025.10.17 10:46,2025.10.17 10:50,114454102
买入,XAUUSD,0.03,4342.29,4343.11,2.46,0.0000,0.0000,2025.10.17 10:46,2025.10.17 10:48,114454087
卖出,XAUUSD,0.01,4326.63,4340.07,-13.44,0.0000,0.0000,2025.10.17 10:21,2025.10.17 10:42,114454056
卖出,XAUUSD,0.01,4326.63,4339.41,-12.78,0.0000,0.0000,2025.10.17 10:21,2025.10.17 10:41,114453867
买入,XAUUSD,0.02,4241.01,4241.82,1.62,0.0000,0.0000,2025.10.16 18:00,2025.10.16 20:19,114434779
买入,XAUUSD,0.05,4233.45,4227.91,-27.70,0.0000,0.0000,2025.10.16 17:05,2025.10.16 17:25,114433993
买入,XAUUSD,0.02,4233.59,4233.83,0.48,0.0000,0.0000,2025.10.16 10:13,2025.10.16 11:34,114430256
卖出,USDJPY,0.02,144.910,144.976,-0.91,0.0000,0.0000,2025.06.06 23:20,2025.06.07 00:38,112749412
卖出,EURUSD,0.05,1.13949,1.14017,-3.40,0.0000,0.0000,2025.06.06 20:40,2025.06.06 20:45,112745344
买入,XAUUSD,0.01,3359.88,3350.55,-9.33,0.0000,0.0000,2025.06.06 20:33,2025.06.06 20:39,112745037
卖出,USDJPY,0.15,144.194,144.722,-54.73,0.0000,0.0000,2025.06.06 20:33,2025.06.06 20:39,112745064
卖出,XAUUSD,0.01,3356.55,3359.33,-2.78,0.0000,0.0000,2025.06.06 20:24,2025.06.06 20:33,112744755
卖出,XAUUSD,0.01,3359.28,3359.29,-0.01,0.0000,0.0000,2025.06.06 19:51,2025.06.06 20:22,112744452
买入,XAUUSD,0.01,3364.12,3360.30,-3.82,0.0000,0.0000,2025.06.06 19:35,2025.06.06 19:42,112744301
卖出,XAUUSD,0.01,3359.87,3360.01,-0.14,0.0000,0.0000,2025.06.06 17:17,2025.06.06 18:01,112743028
买入,XAUUSD,0.01,3365.28,3359.86,-5.42,0.0000,0.0000,2025.06.06 16:30,2025.06.06 17:15,112742682
卖出,XAUUSD,0.01,3358.41,3358.57,-0.16,0.0000,0.0000,2025.06.06 14:44,2025.06.06 15:56,112741722
买入,XAUUSD,0.02,3365.65,3366.57,1.84,0.0000,0.0000,2025.06.06 11:26,2025.06.06 13:40,112740717
买入,XAUUSD,0.01,3362.98,3359.84,-3.14,0.0000,0.0000,2025.06.06 09:19,2025.06.06 11:10,112740310
买入,XAUUSD,0.01,3362.98,3362.23,-0.75,0.0000,0.0000,2025.06.06 09:19,2025.06.06 09:47,112740095
卖出,XAUUSD,0.01,3359.11,3360.99,-1.88,0.0000,0.0000,2025.06.06 09:05,2025.06.06 09:06,112739997
卖出,XAUUSD,0.01,3371.06,3351.39,19.67,0.0000,0.0000,2025.06.05 22:05,2025.06.06 01:12,112729745
卖出,XAUUSD,0.02,3378.89,3378.47,0.84,0.0000,0.0000,2025.06.05 20:52,2025.06.05 21:09,112727404
卖出,XAUUSD,0.03,3378.89,3383.25,-13.08,0.0000,0.0000,2025.06.05 20:52,2025.06.05 20:58,112727196
买入,XAUUSD,0.02,3399.06,3393.96,-10.20,0.0000,0.0000,2025.06.05 20:32,2025.06.05 20:36,112726707
卖出,USDJPY,0.05,143.131,143.208,-2.69,0.0000,0.0000,2025.06.05 17:30,2025.06.05 19:22,112728829
卖出,USDJPY,0.10,143.131,143.179,-3.35,0.0000,0.0000,2025.06.05 17:30,2025.06.05 19:21,112724627
买入,XAUUSD,0.01,3371.59,3397.41,25.82,0.0000,0.0000,2025.06.05 16:02,2025.06.05 19:20,112723852
买入,XAUUSD,0.02,3371.79,3370.10,-3.38,0.0000,0.0000,2025.06.05 15:10,2025.06.05 16:02,112723381
卖出,XAUUSD,0.01,3366.58,3370.41,-3.83,0.0000,0.0000,2025.06.05 14:48,2025.06.05 15:08,112723333
卖出,XAUUSD,0.01,3366.58,3368.29,-1.71,0.0000,0.0000,2025.06.05 14:48,2025.06.05 15:04,112723247
买入,XAUUSD,0.02,3372.33,3372.13,-0.40,0.0000,0.0000,2025.06.05 11:03,2025.06.05 11:55,112722294
卖出,XAUUSD,0.02,3370.20,3371.88,-3.36,0.0000,0.0000,2025.06.05 10:48,2025.06.05 11:03,112722273
卖出,XAUUSD,0.03,3370.20,3370.72,-1.56,0.0000,0.0000,2025.06.05 10:48,2025.06.05 10:49,112722271
卖出,USDJPY,0.15,142.818,142.883,-6.82,0.0000,0.0000,2025.06.05 10:33,2025.06.05 10:35,112722114
卖出,XAUUSD,0.01,3371.60,3372.88,-1.28,0.0000,0.0000,2025.06.05 10:13,2025.06.05 10:32,112721884
买入,USDJPY,0.15,142.939,142.839,-10.50,0.0000,0.0000,2025.06.05 10:18,2025.06.05 10:31,112721923
买入,USDJPY,0.05,142.962,142.831,-4.59,0.0000,0.0000,2025.06.05 09:48,2025.06.05 10:12,112721807
买入,USDJPY,0.10,142.962,142.893,-4.83,0.0000,0.0000,2025.06.05 09:48,2025.06.05 10:03,112721723
买入,XAUUSD,0.01,3372.91,3377.43,3.00,-1.5200,0.0000,2025.06.04 23:46,2025.06.05 09:19,112715426
买入,XAUUSD,0.01,3372.91,3371.23,-1.68,0.0000,0.0000,2025.06.04 23:46,2025.06.04 23:58,112715275
买入,XAUUSD,0.01,3358.86,3370.25,11.39,0.0000,0.0000,2025.06.04 22:05,2025.06.04 23:40,112711691
买入,XAUUSD,0.01,3354.54,3352.26,-2.28,0.0000,0.0000,2025.06.04 20:33,2025.06.04 21:34,112709002
卖出,XAUUSD,0.01,3345.48,3354.32,-8.84,0.0000,0.0000,2025.06.04 20:27,2025.06.04 20:32,112708839
买入,XAUUSD,0.01,3352.43,3349.85,-2.58,0.0000,0.0000,2025.06.04 20:15,2025.06.04 20:27,112708435
卖出,XAUUSD,0.01,3347.47,3352.23,-4.76,0.0000,0.0000,2025.06.04 19:22,2025.06.04 20:15,112707802
买入,XAUUSD,0.01,3361.95,3357.73,-4.22,0.0000,0.0000,2025.06.04 16:51,2025.06.04 18:25,112706172
卖出,XAUUSD,0.01,3354.10,3357.69,-3.59,0.0000,0.0000,2025.06.04 16:16,2025.06.04 16:40,112705963
卖出,XAUUSD,0.01,3354.10,3356.12,-2.02,0.0000,0.0000,2025.06.04 16:16,2025.06.04 16:31,112705756
买入,XAUUSD,0.02,3362.44,3357.49,-9.90,0.0000,0.0000,2025.06.04 15:09,2025.06.04 15:53,112704780
卖出,XAUUSD,0.02,3354.14,3354.00,0.28,0.0000,0.0000,2025.06.04 12:50,2025.06.04 13:32,112703872
买入,USDJPY,0.05,144.088,143.978,-3.82,0.0000,0.0000,2025.06.04 11:39,2025.06.04 12:06,112703649
买入,USDJPY,0.10,144.088,144.059,-2.01,0.0000,0.0000,2025.06.04 11:39,2025.06.04 11:54,112703553
买入,XAUUSD,0.01,3366.40,3365.36,-1.04,0.0000,0.0000,2025.06.04 11:24,2025.06.04 11:29,112703464
买入,XAUUSD,0.01,3362.80,3364.07,1.27,0.0000,0.0000,2025.06.04 09:28,2025.06.04 11:15,112702755
买入,XAUUSD,0.01,3359.56,3356.54,-3.02,0.0000,0.0000,2025.06.04 07:55,2025.06.04 08:03,112701750
卖出,XAUUSD,0.01,3346.48,3344.06,2.42,0.0000,0.0000,2025.06.03 21:46,2025.06.03 22:21,112692630
买入,XAUUSD,0.01,3354.89,3348.81,-6.08,0.0000,0.0000,2025.06.03 21:33,2025.06.03 21:45,112692043
买入,XAUUSD,0.02,3362.07,3355.97,-12.20,0.0000,0.0000,2025.06.03 21:25,2025.06.03 21:30,112691775
买入,XAUUSD,0.01,3363.04,3357.21,-5.83,0.0000,0.0000,2025.06.03 20:43,2025.06.03 21:00,112691264
买入,XAUUSD,0.01,3373.34,3350.77,-22.57,0.0000,0.0000,2025.06.03 09:43,2025.06.03 20:18,112686608
卖出,XAUUSD,0.02,3350.75,3354.67,-7.84,0.0000,0.0000,2025.06.03 20:07,2025.06.03 20:09,112690760
买入,XAUUSD,0.01,3373.34,3366.18,-7.16,0.0000,0.0000,2025.06.03 09:43,2025.06.03 11:05,112686057
卖出,XAUUSD,0.01,3373.52,3373.75,-0.23,0.0000,0.0000,2025.06.02 23:57,2025.06.03 01:02,112680376
卖出,XAUUSD,0.01,3373.52,3373.21,0.31,0.0000,0.0000,2025.06.02 23:57,2025.06.03 00:30,112680014
卖出,USDJPY,0.02,142.592,142.743,-2.12,0.0000,0.0000,2025.06.02 22:37,2025.06.02 22:40,112679767
卖出,USDJPY,0.10,142.915,142.683,16.27,0.0000,0.0000,2025.06.02 21:46,2025.06.02 22:35,112676246
买入,XAUUSD,0.01,3350.68,3354.75,4.07,0.0000,0.0000,2025.06.02 19:21,2025.06.02 20:55,112674192
卖出,XAUUSD,0.01,3346.96,3350.34,-3.38,0.0000,0.0000,2025.06.02 18:08,2025.06.02 18:25,112673520
买入,XAUUSD,0.01,3349.68,3347.00,-2.68,0.0000,0.0000,2025.06.02 18:05,2025.06.02 18:08,112673481
卖出,XAUUSD,0.01,3347.72,3349.73,-2.01,0.0000,0.0000,2025.06.02 18:01,2025.06.02 18:05,112673442
买入,XAUUSD,0.01,3294.21,3293.70,-0.51,0.0000,0.0000,2025.05.31 03:01,2025.05.31 03:16,112659079
买入,XAUUSD,0.02,3294.40,3293.13,-2.54,0.0000,0.0000,2025.05.31 02:07,2025.05.31 03:00,112658286
买入,USDJPY,0.20,143.833,143.854,2.92,0.0000,0.0000,2025.05.31 01:54,2025.05.31 02:06,112657995
买入,XAUUSD,0.02,3293.03,3292.15,-1.76,0.0000,0.0000,2025.05.31 01:44,2025.05.31 01:52,112657856
买入,USDJPY,0.50,144.017,143.799,-75.79,0.0000,0.0000,2025.05.31 00:41,2025.05.31 01:44,112656642
卖出,USDJPY,0.50,143.831,143.894,-21.89,0.0000,0.0000,2025.05.31 01:11,2025.05.31 01:27,112657243
卖出,USDJPY,0.50,143.901,143.935,-11.81,0.0000,0.0000,2025.05.31 00:53,2025.05.31 01:06,112656853
卖出,USDJPY,0.50,143.942,143.996,-18.75,0.0000,0.0000,2025.05.31 00:43,2025.05.31 00:48,112656664
卖出,USDJPY,0.20,144.090,144.089,0.14,0.0000,0.0000,2025.05.31 00:06,2025.05.31 00:19,112656025
买入,XAUUSD,0.02,3290.69,3289.42,-2.54,0.0000,0.0000,2025.05.31 00:01,2025.05.31 00:05,112655943
卖出,XAUUSD,0.02,3287.88,3289.95,-4.14,0.0000,0.0000,2025.05.30 23:55,2025.05.31 00:00,112655886
买入,USDJPY,0.20,144.219,144.156,-8.74,0.0000,0.0000,2025.05.30 23:57,2025.05.31 00:00,112655907
买入,XAUUSD,0.02,3291.15,3290.15,-2.00,0.0000,0.0000,2025.05.30 23:40,2025.05.30 23:52,112655549
买入,USDJPY,0.50,144.229,144.232,1.04,0.0000,0.0000,2025.05.30 23:13,2025.05.30 23:24,112654942
卖出,USDJPY,0.50,144.158,144.209,-17.69,0.0000,0.0000,2025.05.30 23:11,2025.05.30 23:13,112654903
卖出,XAUUSD,0.01,3283.12,3283.29,-0.17,0.0000,0.0000,2025.05.30 23:01,2025.05.30 23:11,112654649
买入,USDJPY,0.10,144.317,144.191,-8.74,0.0000,0.0000,2025.05.30 23:02,2025.05.30 23:06,112654662
卖出,XAUUSD,0.02,3282.46,3282.07,0.78,0.0000,0.0000,2025.05.30 22:14,2025.05.30 22:57,112653281
买入,USDJPY,0.10,144.025,143.901,-8.61,0.0000,0.0000,2025.05.30 21:50,2025.05.30 22:08,112652346
买入,USDJPY,0.40,144.025,143.989,-10.00,0.0000,0.0000,2025.05.30 21:50,2025.05.30 21:54,112652120
卖出,XAUUSD,0.02,3296.49,3297.56,-2.14,0.0000,0.0000,2025.05.30 21:29,2025.05.30 21:37,112651262
买入,EURUSD,0.10,1.13545,1.13367,-17.80,0.0000,0.0000,2025.05.30 20:44,2025.05.30 21:17,112650370
买入,XAUUSD,0.02,3299.71,3299.93,0.44,0.0000,0.0000,2025.05.30 20:34,2025.05.30 21:15,112650185
买入,EURUSD,0.50,1.13530,1.13532,1.00,0.0000,0.0000,2025.05.30 20:38,2025.05.30 20:43,112650260
买入,XAUUSD,0.05,3302.32,3295.84,-32.40,0.0000,0.0000,2025.05.30 20:30,2025.05.30 20:33,112650028
买入,EURUSD,0.10,1.13491,1.13496,0.50,0.0000,0.0000,2025.05.30 20:14,2025.05.30 20:30,112649596
买入,XAUUSD,0.02,3301.55,3301.76,0.42,0.0000,0.0000,2025.05.30 20:19,2025.05.30 20:29,112649985
买入,XAUUSD,0.03,3301.55,3303.83,6.84,0.0000,0.0000,2025.05.30 20:19,2025.05.30 20:28,112649747
买入,XAUUSD,0.05,3300.58,3300.25,-1.65,0.0000,0.0000,2025.05.30 20:13,2025.05.30 20:15,112649552
卖出,EURUSD,0.10,1.13306,1.13389,-8.30,0.0000,0.0000,2025.05.30 16:13,2025.05.30 19:59,112646904
卖出,XAUUSD,0.01,3294.55,3299.22,-4.67,0.0000,0.0000,2025.05.30 15:35,2025.05.30 16:06,112646391
卖出,EURUSD,0.10,1.13460,1.13487,-2.70,0.0000,0.0000,2025.05.30 11:56,2025.05.30 13:11,112644976
买入,BTCUSD,0.02,106176.00,105973.00,-4.06,0.0000,0.0000,2025.05.30 11:28,2025.05.30 11:56,112644941
买入,BTCUSD,0.03,106176.00,106102.00,-2.22,0.0000,0.0000,2025.05.30 11:28,2025.05.30 11:46,112644877
卖出,XAUUSD,0.01,3301.99,3301.43,0.56,0.0000,0.0000,2025.05.30 10:26,2025.05.30 11:09,112644676
卖出,BTCUSD,0.02,104926.00,106129.00,-24.06,0.0000,0.0000,2025.05.30 09:05,2025.05.30 10:20,112644007
卖出,BTCUSD,0.05,107377.45,106317.00,53.46,0.4400,0.0000,2025.05.29 23:43,2025.05.30 05:02,906389754
卖出,EURUSD,0.05,1.13483,1.13591,-5.40,0.0000,0.0000,2025.05.29 21:10,2025.05.29 22:15,112630809
买入,XAUUSD,0.01,3303.70,3311.81,8.11,0.0000,0.0000,2025.05.29 19:48,2025.05.29 21:13,112628484
买入,EURUSD,0.10,1.12874,1.13482,60.80,0.0000,0.0000,2025.05.29 20:14,2025.05.29 21:09,112630243
买入,EURUSD,0.10,1.12874,1.13222,34.80,0.0000,0.0000,2025.05.29 20:14,2025.05.29 20:41,112629356
买入,EURUSD,0.20,1.12875,1.12795,-16.00,0.0000,0.0000,2025.05.29 19:31,2025.05.29 19:38,112628093
买入,XAUUSD,0.02,3280.74,3280.62,-0.24,0.0000,0.0000,2025.05.29 17:32,2025.05.29 17:56,112625779
卖出,XAUUSD,0.02,3277.49,3280.67,-6.36,0.0000,0.0000,2025.05.29 17:23,2025.05.29 17:31,112625685
买入,XAUUSD,0.02,3281.63,3279.74,-3.78,0.0000,0.0000,2025.05.29 17:00,2025.05.29 17:08,112625509
卖出,XAUUSD,0.02,3283.92,3281.59,4.46,0.0000,0.0000,2025.05.29 16:18,2025.05.29 16:56,112625223
买入,XAUUSD,0.02,3280.41,3283.85,6.88,0.0000,0.0000,2025.05.29 15:15,2025.05.29 16:18,112624575
卖出,BTCUSD,0.02,108047.76,108126.33,-1.57,0.0000,0.0000,2025.05.29 11:48,2025.05.29 16:18,112623027
卖出,BTCUSD,0.08,108047.76,108066.72,-1.52,0.0000,0.0000,2025.05.29 11:48,2025.05.29 11:53,112623001
卖出,XAUUSD,0.01,3247.41,3260.37,-12.96,0.0000,0.0000,2025.05.29 09:18,2025.05.29 09:50,112621924
卖出,XAUUSD,0.02,3309.71,3255.13,110.10,0.9400,0.0000,2025.05.28 21:08,2025.05.29 07:46,112607734
卖出,XAUUSD,0.02,3309.71,3306.92,5.58,0.0000,0.0000,2025.05.28 21:08,2025.05.28 21:17,112607456
卖出,XAUUSD,0.01,3311.80,3315.58,-3.78,0.0000,0.0000,2025.05.28 20:40,2025.05.28 21:02,112607142
卖出,XAUUSD,0.01,3311.80,3311.69,0.11,0.0000,0.0000,2025.05.28 20:40,2025.05.28 20:59,112606779
买入,XAUUSD,0.02,3313.08,3311.14,-3.88,0.0000,0.0000,2025.05.28 20:31,2025.05.28 20:40,112606575
卖出,XAUUSD,0.02,3309.91,3312.70,-5.58,0.0000,0.0000,2025.05.28 20:21,2025.05.28 20:31,112606342
买入,USDJPY,0.15,144.336,144.337,0.10,0.0000,0.0000,2025.05.28 19:50,2025.05.28 20:20,112605698
买入,USDJPY,0.05,144.302,144.199,-3.57,0.0000,0.0000,2025.05.28 19:17,2025.05.28 19:35,112605372
买入,USDJPY,0.10,144.302,144.229,-5.06,0.0000,0.0000,2025.05.28 19:17,2025.05.28 19:31,112605065
卖出,USDJPY,0.15,144.137,144.228,-9.46,0.0000,0.0000,2025.05.28 17:45,2025.05.28 17:57,112603543
买入,USDJPY,0.20,144.252,144.165,-12.07,0.0000,0.0000,2025.05.28 17:40,2025.05.28 17:42,112603486
卖出,USDJPY,0.50,144.165,144.213,-16.64,0.0000,0.0000,2025.05.28 17:36,2025.05.28 17:39,112603457
买入,XAUUSD,0.01,3320.63,3316.17,-4.46,0.0000,0.0000,2025.05.28 16:12,2025.05.28 16:47,112602534
买入,XAUUSD,0.02,3311.33,3317.43,12.20,0.0000,0.0000,2025.05.28 15:31,2025.05.28 16:03,112601973
卖出,BTCUSD,0.02,108919.71,108971.90,-1.04,0.0000,0.0000,2025.05.28 09:26,2025.05.28 15:28,112599779
卖出,EURUSD,0.05,1.13568,1.12972,30.01,0.2100,0.0000,2025.05.27 22:21,2025.05.28 13:20,906363298
卖出,XAUUSD,0.03,3301.93,3301.03,2.70,0.0000,0.0000,2025.05.28 11:13,2025.05.28 13:07,112600375
卖出,XAUUSD,0.02,3301.93,3302.27,-0.68,0.0000,0.0000,2025.05.28 11:13,2025.05.28 11:14,112600371
卖出,XAUUSD,0.05,3301.99,3306.19,-21.00,0.0000,0.0000,2025.05.28 10:02,2025.05.28 10:03,112600079
卖出,BTCUSD,0.02,110177.03,110484.44,-6.15,0.0000,0.0000,2025.05.27 21:34,2025.05.28 00:37,112589147
卖出,US30,0.1,42046.40,42052.60,-0.62,0.0000,0.0000,2025.05.27 21:30,2025.05.27 22:01,112588970
买入,XAUUSD,0.01,3298.12,3297.74,-0.38,0.0000,0.0000,2025.05.27 21:06,2025.05.27 21:48,112588753
买入,XAUUSD,0.01,3298.12,3295.99,-2.13,0.0000,0.0000,2025.05.27 21:06,2025.05.27 21:20,112588436
卖出,BTCUSD,0.02,109679.81,109717.48,-0.75,0.0000,0.0000,2025.05.27 20:39,2025.05.27 21:00,112588006
卖出,XAUUSD,0.02,3293.81,3294.73,-1.84,0.0000,0.0000,2025.05.27 20:58,2025.05.27 20:58,112588262
买入,XAUUSD,0.02,3295.87,3291.51,-8.72,0.0000,0.0000,2025.05.27 20:48,2025.05.27 20:56,112588139
买入,USDJPY,0.01,143.980,144.060,0.56,0.0000,0.0000,2025.05.27 17:40,2025.05.27 20:46,112585793
卖出,BTCUSD,0.02,109605.76,109874.29,-5.37,0.0000,0.0000,2025.05.27 19:56,2025.05.27 20:09,112587351
卖出,BTCUSD,0.10,109548.78,109651.06,-10.23,0.0000,0.0000,2025.05.27 19:48,2025.05.27 19:55,112587211
卖出,EURUSD,0.15,1.13474,1.13524,-7.50,0.0000,0.0000,2025.05.27 17:33,2025.05.27 17:39,112585725
卖出,XAUUSD,0.01,3300.33,3299.66,0.67,0.0000,0.0000,2025.05.27 15:51,2025.05.27 16:00,112584504
卖出,BTCUSD,0.01,108963.96,109643.02,-6.79,0.0000,0.0000,2025.05.27 09:05,2025.05.27 15:49,112584378
卖出,BTCUSD,0.01,108963.96,109609.65,-6.46,0.0000,0.0000,2025.05.27 09:05,2025.05.27 15:47,112581687
卖出,XAUUSD,0.02,3337.25,3343.11,-11.72,0.0000,0.0000,2025.05.26 22:42,2025.05.27 00:42,112579166
卖出,BTCUSD,0.02,109842.47,110361.84,-10.39,0.0000,0.0000,2025.05.26 17:19,2025.05.26 23:33,112576276
买入,XAUUSD,0.01,3339.86,3335.80,-4.06,0.0000,0.0000,2025.05.26 22:03,2025.05.26 22:34,112578812
买入,XAUUSD,0.01,3339.86,3338.21,-1.65,0.0000,0.0000,2025.05.26 22:03,2025.05.26 22:08,112578725
卖出,XAUUSD,0.01,3344.27,3339.93,4.34,0.0000,0.0000,2025.05.26 14:15,2025.05.26 22:01,112575652
卖出,BTCUSD,0.10,109682.65,109992.22,-30.96,0.0000,0.0000,2025.05.26 16:53,2025.05.26 17:16,112576145
卖出,BTCUSD,0.10,109715.80,109876.05,-16.02,0.0000,0.0000,2025.05.26 16:41,2025.05.26 16:46,112576054
卖出,XAUUSD,0.01,3344.27,3336.48,7.79,0.0000,0.0000,2025.05.26 14:15,2025.05.26 15:52,112574832
买入,XAUUSD,0.02,3349.99,3346.25,-7.48,0.0000,0.0000,2025.05.26 12:45,2025.05.26 13:18,112574441
卖出,XAUUSD,0.02,3346.94,3351.13,-8.38,0.0000,0.0000,2025.05.26 12:39,2025.05.26 12:49,112574417
买入,XAUUSD,0.02,3348.80,3346.93,-3.74,0.0000,0.0000,2025.05.26 12:23,2025.05.26 12:37,112574348
买入,XAUUSD,0.02,3348.42,3348.57,0.30,0.0000,0.0000,2025.05.26 11:53,2025.05.26 12:14,112574278
买入,BTCUSD,0.02,109844.31,109819.30,-4.50,0.0000,0.0000,2025.05.26 11:37,2025.05.26 11:50,112574257
买入,BTCUSD,0.03,109844.31,109690.25,-4.62,0.0000,0.0000,2025.05.26 11:37,2025.05.26 11:49,112574235
买入,BTCUSD,0.05,109685.29,109620.98,-3.22,0.0000,0.0000,2025.05.26 11:22,2025.05.26 11:35,112574225
买入,BTCUSD,0.05,109685.29,109644.29,-2.05,0.0000,0.0000,2025.05.26 11:22,2025.05.26 11:31,112574195
卖出,BTCUSD,0.10,109346.52,109544.45,-19.79,0.0000,0.0000,2025.05.26 11:07,2025.05.26 11:22,112574143
买入,XAUUSD,0.02,3349.88,3347.21,-5.34,0.0000,0.0000,2025.05.26 11:05,2025.05.26 11:08,112574135
卖出,XAUUSD,0.02,3347.86,3349.52,-3.32,0.0000,0.0000,2025.05.26 11:00,2025.05.26 11:05,112574112
买入,XAUUSD,0.02,3348.35,3349.68,2.66,0.0000,0.0000,2025.05.26 10:19,2025.05.26 10:57,112573852
买入,XAUUSD,0.02,3348.19,3346.14,-4.10,0.0000,0.0000,2025.05.26 10:11,2025.05.26 10:16,112573817